{"cameraMode":{"drawMode":0,"name":"Shaded","section":"Shading Mode"},"sceneLighting":true,"audioPlay":false,"sceneViewState":{"showFog":true,"showMaterialUpdate":true,"showSkybox":true,"showFlares":true,"showImageEffects":true,"showParticleSystems":true},"in2DMode":false,"pivot":{"x":52.218772888183597,"y":0.9808927178382874,"z":3.3955016136169435},"rotation":{"x":0.013510406948626042,"y":0.017019806429743768,"z":0.00035770126851275563,"w":0.9999932646751404},"size":6.361071586608887,"orthographic":false}