{"cameraMode":{"drawMode":0,"name":"Shaded","section":"Shading Mode"},"sceneLighting":false,"audioPlay":true,"sceneViewState":{"showFog":true,"showMaterialUpdate":false,"showSkybox":false,"showFlares":true,"showImageEffects":true,"showParticleSystems":true},"in2DMode":false,"pivot":{"x":-14.105491638183594,"y":-10.932853698730469,"z":-1.6539534330368043},"rotation":{"x":-0.48808684945106509,"y":0.1968458741903305,"z":-0.11403698474168778,"w":-0.8426697850227356},"size":18.896703720092775,"orthographic":false}