{"cameraMode":{"drawMode":0,"name":"Shaded","section":"Shading Mode"},"sceneLighting":false,"audioPlay":false,"sceneViewState":{"showFog":true,"showMaterialUpdate":true,"showSkybox":false,"showFlares":true,"showImageEffects":true,"showParticleSystems":true},"in2DMode":false,"pivot":{"x":0.068131223320961,"y":-0.07637394964694977,"z":0.042959898710250857},"rotation":{"x":-0.06848735362291336,"y":-0.12344968318939209,"z":-0.008081630803644658,"w":0.9901810884475708},"size":0.5349103212356567,"orthographic":false}