{"cameraMode":{"drawMode":0,"name":"Shaded","section":"Shading Mode"},"sceneLighting":false,"audioPlay":true,"sceneViewState":{"showFog":true,"showMaterialUpdate":false,"showSkybox":false,"showFlares":true,"showImageEffects":true,"showParticleSystems":true},"in2DMode":false,"pivot":{"x":1.8105367422103882,"y":4.638530731201172,"z":19.68783950805664},"rotation":{"x":-0.17720745503902436,"y":-0.061966437846422198,"z":0.0111851766705513,"w":-0.9821933507919312},"size":23.856304168701173,"orthographic":false}