{"cameraMode":{"drawMode":0,"name":"Shaded","section":"Shading Mode"},"sceneLighting":false,"audioPlay":true,"sceneViewState":{"showFog":true,"showMaterialUpdate":false,"showSkybox":false,"showFlares":true,"showImageEffects":true,"showParticleSystems":true},"in2DMode":false,"pivot":{"x":-8.221389770507813,"y":-6.414638519287109,"z":5.2256035804748539},"rotation":{"x":-0.2627697288990021,"y":0.4858796298503876,"z":-0.15591834485530854,"w":-0.8189236521720886},"size":24.9095458984375,"orthographic":false}