{"cameraMode":{"drawMode":0,"name":"Shaded","section":"Shading Mode"},"sceneLighting":true,"audioPlay":false,"sceneViewState":{"showFog":true,"showMaterialUpdate":false,"showSkybox":true,"showFlares":true,"showImageEffects":true,"showParticleSystems":true},"in2DMode":false,"pivot":{"x":52.23930358886719,"y":0.6062122583389282,"z":1.3515563011169434},"rotation":{"x":0.0004905606620013714,"y":0.9994726181030273,"z":-0.027302522212266923,"w":0.01829342544078827},"size":6.223791599273682,"orthographic":false}