{"cameraMode":{"drawMode":0,"name":"Shaded","section":"Shading Mode"},"sceneLighting":true,"audioPlay":false,"sceneViewState":{"showFog":true,"showMaterialUpdate":false,"showSkybox":true,"showFlares":true,"showImageEffects":true,"showParticleSystems":true},"in2DMode":false,"pivot":{"x":7.279938220977783,"y":-1.419400930404663,"z":9.488712310791016},"rotation":{"x":-0.05097877234220505,"y":-0.002401555422693491,"z":0.00012359287939034402,"w":-0.9987370371818543},"size":26.211368560791017,"orthographic":false}