{"cameraMode":{"drawMode":0,"name":"Shaded","section":"Shading Mode"},"sceneLighting":true,"audioPlay":false,"sceneViewState":{"showFog":true,"showMaterialUpdate":false,"showSkybox":false,"showFlares":true,"showImageEffects":true,"showParticleSystems":true},"in2DMode":false,"pivot":{"x":0.19741642475128175,"y":-0.0012420415878295899,"z":0.2796880006790161},"rotation":{"x":-0.11430985480546951,"y":0.5482150316238403,"z":0.07598011940717697,"w":0.8250203132629395},"size":1.950805902481079,"orthographic":false}