{"cameraMode":{"drawMode":0,"name":"Shaded","section":"Shading Mode"},"sceneLighting":true,"audioPlay":false,"sceneViewState":{"showFog":true,"showMaterialUpdate":false,"showSkybox":true,"showFlares":true,"showImageEffects":true,"showParticleSystems":true},"in2DMode":false,"pivot":{"x":15.821788787841797,"y":-10.802803993225098,"z":-35.90645217895508},"rotation":{"x":0.17629554867744447,"y":0.6431406736373901,"z":-0.15553514659404756,"w":0.7288230657577515},"size":49.58544921875,"orthographic":false}