{"cameraMode":{"drawMode":0,"name":"Shaded","section":"Shading Mode"},"sceneLighting":true,"audioPlay":false,"sceneViewState":{"showFog":true,"showMaterialUpdate":false,"showSkybox":true,"showFlares":true,"showImageEffects":true,"showParticleSystems":true},"in2DMode":false,"pivot":{"x":17.95639419555664,"y":-17.659412384033204,"z":124.1684799194336},"rotation":{"x":0.07315851002931595,"y":0.12532152235507966,"z":-0.009268077090382576,"w":0.9893798232078552},"size":140.00714111328126,"orthographic":false}