{"cameraMode":{"drawMode":0,"name":"Shaded","section":"Shading Mode"},"sceneLighting":true,"audioPlay":false,"sceneViewState":{"showFog":true,"showMaterialUpdate":false,"showSkybox":false,"showFlares":true,"showImageEffects":true,"showParticleSystems":true},"in2DMode":false,"pivot":{"x":-0.003999948501586914,"y":-0.032000064849853519,"z":0.0},"rotation":{"x":-0.053910039365291598,"y":0.8884779810905457,"z":0.10821028053760529,"w":0.4427471458911896},"size":0.7508060336112976,"orthographic":false}